Rank,Club,Country,Level,Elo,From,To
49,Wolfsburg,GER,1,1692.54772949,2020-01-02,2020-01-05
48,Wolfsburg,GER,1,1692.54772949,2020-01-06,2020-01-10
49,Wolfsburg,GER,1,1692.54772949,2020-01-11,2020-01-11
51,Wolfsburg,GER,1,1692.54772949,2020-01-12,2020-01-17
50,Wolfsburg,GER,1,1692.54772949,2020-01-18,2020-01-18
57,Wolfsburg,GER,1,1679.10058594,2020-01-19,2020-01-19
58,Wolfsburg,GER,1,1679.10058594,2020-01-20,2020-01-22
59,Wolfsburg,GER,1,1679.10058594,2020-01-23,2020-01-25
60,Wolfsburg,GER,1,1668.09411621,2020-01-26,2020-01-26
61,Wolfsburg,GER,1,1668.09411621,2020-01-27,2020-02-01
60,Wolfsburg,GER,1,1668.09411621,2020-02-02,2020-02-02
57,Wolfsburg,GER,1,1675.78222656,2020-02-03,2020-02-05
58,Wolfsburg,GER,1,1675.78222656,2020-02-06,2020-02-08
59,Wolfsburg,GER,1,1671.35339355,2020-02-09,2020-02-14
60,Wolfsburg,GER,1,1671.35339355,2020-02-15,2020-02-15
55,Wolfsburg,GER,1,1681.57592773,2020-02-16,2020-02-18
53,Wolfsburg,GER,1,1683.04577637,2020-02-19,2020-02-19
51,Wolfsburg,GER,1,1686.03613281,2020-02-20,2020-02-20
46,Wolfsburg,GER,1,1696.63134766,2020-02-21,2020-02-21
45,Wolfsburg,GER,1,1696.63134766,2020-02-22,2020-02-22
44,Wolfsburg,GER,1,1696.63134766,2020-02-23,2020-02-23
41,Wolfsburg,GER,1,1707.65393066,2020-02-24,2020-02-25
40,Wolfsburg,GER,1,1710.75439453,2020-02-26,2020-02-26
39,Wolfsburg,GER,1,1710.75439453,2020-02-27,2020-02-27
37,Wolfsburg,GER,1,1730.7590332,2020-02-28,2020-02-28
37,Wolfsburg,GER,1,1732.2878418,2020-02-29,2020-03-01
37,Wolfsburg,GER,1,1730.52709961,2020-03-02,2020-03-02
36,Wolfsburg,GER,1,1730.52709961,2020-03-03,2020-03-07
35,Wolfsburg,GER,1,1733.04223633,2020-03-08,2020-03-08
34,Wolfsburg,GER,1,1733.04223633,2020-03-09,2020-03-10
33,Wolfsburg,GER,1,1736.92297363,2020-03-11,2020-03-11
35,Wolfsburg,GER,1,1732.54443359,2020-03-12,2020-03-12
38,Wolfsburg,GER,1,1715.33764648,2020-03-13,2020-05-16
38,Wolfsburg,GER,1,1721.93859863,2020-05-17,2020-05-23
38,Wolfsburg,GER,1,1714.01293945,2020-05-24,2020-05-26
34,Wolfsburg,GER,1,1734.92602539,2020-05-27,2020-05-30
38,Wolfsburg,GER,1,1724.50036621,2020-05-31,2020-06-07
37,Wolfsburg,GER,1,1730.91845703,2020-06-08,2020-06-13
37,Wolfsburg,GER,1,1727.43200684,2020-06-14,2020-06-16
38,Wolfsburg,GER,1,1715.92553711,2020-06-17,2020-06-20
38,Wolfsburg,GER,1,1728.13549805,2020-06-21,2020-06-27
39,Wolfsburg,GER,1,1722.79223633,2020-06-28,2020-07-02
38,Wolfsburg,GER,1,1722.79223633,2020-07-03,2020-07-04
37,Wolfsburg,GER,1,1722.79223633,2020-07-05,2020-07-05
36,Wolfsburg,GER,1,1722.79223633,2020-07-06,2020-07-07
37,Wolfsburg,GER,1,1722.79223633,2020-07-08,2020-07-08
38,Wolfsburg,GER,1,1722.79223633,2020-07-09,2020-07-11
39,Wolfsburg,GER,1,1722.79223633,2020-07-12,2020-07-16
38,Wolfsburg,GER,1,1722.79223633,2020-07-17,2020-07-20
37,Wolfsburg,GER,1,1722.79223633,2020-07-21,2020-07-22
38,Wolfsburg,GER,1,1722.79223633,2020-07-23,2020-07-23
39,Wolfsburg,GER,1,1722.79223633,2020-07-24,2020-07-26
40,Wolfsburg,GER,1,1722.79223633,2020-07-27,2020-08-05
43,Wolfsburg,GER,1,1708.67834473,2020-08-06,2020-08-06
43,Wolfsburg,GER,1,1706.9675293,2020-08-07,2020-08-07
44,Wolfsburg,GER,1,1706.9675293,2020-08-08,2020-08-08
43,Wolfsburg,GER,1,1707.35449219,2020-08-09,2020-08-10
45,Wolfsburg,GER,1,1704.84143066,2020-08-11,2020-08-11
44,Wolfsburg,GER,1,1704.84143066,2020-08-12,2020-08-13
44,Wolfsburg,GER,1,1708.24267578,2020-08-14,2020-08-14
42,Wolfsburg,GER,1,1714.00024414,2020-08-15,2020-08-15
43,Wolfsburg,GER,1,1714.00024414,2020-08-16,2020-08-18
44,Wolfsburg,GER,1,1710.16601562,2020-08-19,2020-08-19
44,Wolfsburg,GER,1,1711.40234375,2020-08-20,2020-08-23
44,Wolfsburg,GER,1,1713.19067383,2020-08-24,2020-09-12
42,Wolfsburg,GER,1,1713.19067383,2020-09-13,2020-09-13
43,Wolfsburg,GER,1,1713.19067383,2020-09-14,2020-09-15
42,Wolfsburg,GER,1,1713.19067383,2020-09-16,2020-09-17
41,Wolfsburg,GER,1,1716.45849609,2020-09-18,2020-09-19
40,Wolfsburg,GER,1,1716.45849609,2020-09-20,2020-09-20
39,Wolfsburg,GER,1,1717.71435547,2020-09-21,2020-09-24
39,Wolfsburg,GER,1,1722.1920166,2020-09-25,2020-09-27
39,Wolfsburg,GER,1,1721.84765625,2020-09-28,2020-10-01
44,Wolfsburg,GER,1,1709.06188965,2020-10-02,2020-10-04
45,Wolfsburg,GER,1,1705.9630127,2020-10-05,2020-10-17
45,Wolfsburg,GER,1,1708.58044434,2020-10-18,2020-10-18
46,Wolfsburg,GER,1,1708.58044434,2020-10-19,2020-10-20
46,Wolfsburg,GER,1,1704.46765137,2020-10-21,2020-10-21
44,Wolfsburg,GER,1,1708.53820801,2020-10-22,2020-10-22
44,Wolfsburg,GER,1,1712.85852051,2020-10-23,2020-10-23
43,Wolfsburg,GER,1,1712.85852051,2020-10-24,2020-10-25
42,Wolfsburg,GER,1,1717.35302734,2020-10-26,2020-10-27
41,Wolfsburg,GER,1,1718.63049316,2020-10-28,2020-10-28
43,Wolfsburg,GER,1,1715.06237793,2020-10-29,2020-10-29
42,Wolfsburg,GER,1,1713.32507324,2020-10-30,2020-11-01
42,Wolfsburg,GER,1,1712.47375488,2020-11-02,2020-11-03
39,Wolfsburg,GER,1,1722.67651367,2020-11-04,2020-11-04
39,Wolfsburg,GER,1,1728.13598633,2020-11-05,2020-11-05
38,Wolfsburg,GER,1,1730.02734375,2020-11-06,2020-11-08
36,Wolfsburg,GER,1,1737.75830078,2020-11-09,2020-11-21
34,Wolfsburg,GER,1,1745.85339355,2020-11-22,2020-11-24
35,Wolfsburg,GER,1,1745.19042969,2020-11-25,2020-11-25
33,Wolfsburg,GER,1,1749.03771973,2020-11-26,2020-11-26
33,Wolfsburg,GER,1,1750.65124512,2020-11-27,2020-11-27
31,Wolfsburg,GER,1,1758.13452148,2020-11-28,2020-11-29
30,Wolfsburg,GER,1,1758.13452148,2020-11-30,2020-12-01
32,Wolfsburg,GER,1,1754.15185547,2020-12-02,2020-12-02
32,Wolfsburg,GER,1,1753.42700195,2020-12-03,2020-12-03
32,Wolfsburg,GER,1,1754.39428711,2020-12-04,2020-12-05
31,Wolfsburg,GER,1,1751.64807129,2020-12-06,2020-12-07
32,Wolfsburg,GER,1,1751.64807129,2020-12-08,2020-12-08
32,Wolfsburg,GER,1,1755.21142578,2020-12-09,2020-12-09
32,Wolfsburg,GER,1,1753.06030273,2020-12-10,2020-12-10
32,Wolfsburg,GER,1,1756.19287109,2020-12-11,2020-12-11
31,Wolfsburg,GER,1,1762.75073242,2020-12-12,2020-12-13
30,Wolfsburg,GER,1,1762.75073242,2020-12-14,2020-12-16
30,Wolfsburg,GER,1,1760.95349121,2020-12-17,2020-12-19
32,Wolfsburg,GER,1,1760.95349121,2020-12-20,2020-12-20
30,Wolfsburg,GER,1,1765.94543457,2020-12-21,2020-12-26
29,Wolfsburg,GER,1,1765.94543457,2020-12-27,2021-01-01
28,Wolfsburg,GER,1,1765.94543457,2021-01-02,2021-01-03
30,Wolfsburg,GER,1,1757.94897461,2021-01-04,2021-01-09
31,Wolfsburg,GER,1,1757.16796875,2021-01-10,2021-01-16
29,Wolfsburg,GER,1,1759.6027832,2021-01-17,2021-01-17
30,Wolfsburg,GER,1,1759.6027832,2021-01-18,2021-01-19
26,Wolfsburg,GER,1,1766.89160156,2021-01-20,2021-01-23
25,Wolfsburg,GER,1,1777.61633301,2021-01-24,2021-01-24
24,Wolfsburg,GER,1,1777.61633301,2021-01-25,2021-01-30
25,Wolfsburg,GER,1,1777.61633301,2021-01-31,2021-01-31
24,Wolfsburg,GER,1,1787.44580078,2021-02-01,2021-02-06
23,Wolfsburg,GER,1,1794.56604004,2021-02-07,2021-02-13
21,Wolfsburg,GER,1,1794.56604004,2021-02-14,2021-02-14
22,Wolfsburg,GER,1,1793.80004883,2021-02-15,2021-02-16
23,Wolfsburg,GER,1,1789.93115234,2021-02-17,2021-02-17
23,Wolfsburg,GER,1,1793.48413086,2021-02-18,2021-02-18
23,Wolfsburg,GER,1,1791.93359375,2021-02-19,2021-02-19
21,Wolfsburg,GER,1,1799.76940918,2021-02-20,2021-02-23
21,Wolfsburg,GER,1,1800.88623047,2021-02-24,2021-02-24
21,Wolfsburg,GER,1,1799.72998047,2021-02-25,2021-02-25
24,Wolfsburg,GER,1,1782.34411621,2021-02-26,2021-02-26
23,Wolfsburg,GER,1,1782.34411621,2021-02-27,2021-02-27
21,Wolfsburg,GER,1,1787.13452148,2021-02-28,2021-03-06
24,Wolfsburg,GER,1,1777.78344727,2021-03-07,2021-03-08
23,Wolfsburg,GER,1,1777.78344727,2021-03-09,2021-03-09
23,Wolfsburg,GER,1,1778.32446289,2021-03-10,2021-03-10
23,Wolfsburg,GER,1,1775.78967285,2021-03-11,2021-03-11
26,Wolfsburg,GER,1,1775.78967285,2021-03-12,2021-03-13
24,Wolfsburg,GER,1,1781.24499512,2021-03-14,2021-03-16
23,Wolfsburg,GER,1,1781.08215332,2021-03-17,2021-03-17
23,Wolfsburg,GER,1,1781.09326172,2021-03-18,2021-03-20
23,Wolfsburg,GER,1,1786.93493652,2021-03-21,2021-04-03
24,Wolfsburg,GER,1,1789.99377441,2021-04-04,2021-04-06
24,Wolfsburg,GER,1,1789.81359863,2021-04-07,2021-04-07
24,Wolfsburg,GER,1,1785.84887695,2021-04-08,2021-04-10
25,Wolfsburg,GER,1,1779.01428223,2021-04-11,2021-04-13
25,Wolfsburg,GER,1,1778.79467773,2021-04-14,2021-04-14
26,Wolfsburg,GER,1,1777.75183105,2021-04-15,2021-04-15
27,Wolfsburg,GER,1,1777.75183105,2021-04-16,2021-04-17
27,Wolfsburg,GER,1,1774.15185547,2021-04-18,2021-04-18
26,Wolfsburg,GER,1,1774.15185547,2021-04-19,2021-04-21
24,Wolfsburg,GER,1,1782.50585938,2021-04-22,2021-04-22
25,Wolfsburg,GER,1,1782.50585938,2021-04-23,2021-04-24
27,Wolfsburg,GER,1,1770.9140625,2021-04-25,2021-04-29
26,Wolfsburg,GER,1,1770.9140625,2021-04-30,2021-05-02
27,Wolfsburg,GER,1,1770.9140625,2021-05-03,2021-05-08
24,Wolfsburg,GER,1,1779.01159668,2021-05-09,2021-05-09
26,Wolfsburg,GER,1,1779.01159668,2021-05-10,2021-05-16
25,Wolfsburg,GER,1,1781.80786133,2021-05-17,2021-05-22
27,Wolfsburg,GER,1,1769.32421875,2021-05-23,2021-08-14
27,Wolfsburg,GER,1,1771.95324707,2021-08-15,2021-08-19
27,Wolfsburg,GER,1,1772.33557129,2021-08-20,2021-08-21
26,Wolfsburg,GER,1,1777.85266113,2021-08-22,2021-08-26
26,Wolfsburg,GER,1,1777.98962402,2021-08-27,2021-08-29
26,Wolfsburg,GER,1,1785.54309082,2021-08-30,2021-09-11
26,Wolfsburg,GER,1,1790.55895996,2021-09-12,2021-09-14
24,Wolfsburg,GER,1,1795.22814941,2021-09-15,2021-09-15
26,Wolfsburg,GER,1,1794.97180176,2021-09-16,2021-09-16
26,Wolfsburg,GER,1,1789.92858887,2021-09-17,2021-09-18
24,Wolfsburg,GER,1,1789.92858887,2021-09-19,2021-09-19
24,Wolfsburg,GER,1,1787.02783203,2021-09-20,2021-09-25
28,Wolfsburg,GER,1,1773.78393555,2021-09-26,2021-09-28
28,Wolfsburg,GER,1,1770.04370117,2021-09-29,2021-09-29
28,Wolfsburg,GER,1,1771.08227539,2021-09-30,2021-09-30
28,Wolfsburg,GER,1,1777.27490234,2021-10-01,2021-10-02
30,Wolfsburg,GER,1,1762.72912598,2021-10-03,2021-10-16
31,Wolfsburg,GER,1,1750.79174805,2021-10-17,2021-10-19
35,Wolfsburg,GER,1,1745.00646973,2021-10-20,2021-10-20
38,Wolfsburg,GER,1,1737.62939453,2021-10-21,2021-10-21
38,Wolfsburg,GER,1,1736.93505859,2021-10-22,2021-10-23
41,Wolfsburg,GER,1,1722.71630859,2021-10-24,2021-10-24
42,Wolfsburg,GER,1,1722.71630859,2021-10-25,2021-10-27
43,Wolfsburg,GER,1,1722.71630859,2021-10-28,2021-10-29
42,Wolfsburg,GER,1,1722.71630859,2021-10-30,2021-10-30
36,Wolfsburg,GER,1,1737.72924805,2021-10-31,2021-10-31
35,Wolfsburg,GER,1,1737.72924805,2021-11-01,2021-11-02
34,Wolfsburg,GER,1,1748.62536621,2021-11-03,2021-11-03
35,Wolfsburg,GER,1,1744.77734375,2021-11-04,2021-11-04
33,Wolfsburg,GER,1,1748.55236816,2021-11-05,2021-11-06
32,Wolfsburg,GER,1,1751.92297363,2021-11-07,2021-11-20
33,Wolfsburg,GER,1,1748.78405762,2021-11-21,2021-11-21
34,Wolfsburg,GER,1,1748.78405762,2021-11-22,2021-11-23
38,Wolfsburg,GER,1,1740.78833008,2021-11-24,2021-11-24
39,Wolfsburg,GER,1,1740.88598633,2021-11-25,2021-11-25
37,Wolfsburg,GER,1,1740.95507812,2021-11-26,2021-11-27
41,Wolfsburg,GER,1,1730.74841309,2021-11-28,2021-11-28
40,Wolfsburg,GER,1,1730.74841309,2021-11-29,2021-12-04
43,Wolfsburg,GER,1,1716.36425781,2021-12-05,2021-12-07
43,Wolfsburg,GER,1,1721.25622559,2021-12-08,2021-12-08
48,Wolfsburg,GER,1,1704.96472168,2021-12-09,2021-12-09
50,Wolfsburg,GER,1,1698.31750488,2021-12-10,2021-12-11
56,Wolfsburg,GER,1,1682.18518066,2021-12-12,2021-12-12
57,Wolfsburg,GER,1,1682.18518066,2021-12-13,2021-12-14
62,Wolfsburg,GER,1,1671.18261719,2021-12-15,2021-12-17
63,Wolfsburg,GER,1,1669.04821777,2021-12-18,2021-12-18
64,Wolfsburg,GER,1,1669.04821777,2021-12-19,2021-12-22
65,Wolfsburg,GER,1,1669.04821777,2021-12-23,2022-01-09
71,Wolfsburg,GER,1,1660.27563477,2022-01-10,2022-01-10
70,Wolfsburg,GER,1,1660.27563477,2022-01-11,2022-01-15
72,Wolfsburg,GER,1,1657.58227539,2022-01-16,2022-01-16
71,Wolfsburg,GER,1,1657.58227539,2022-01-17,2022-01-18
70,Wolfsburg,GER,1,1657.58227539,2022-01-19,2022-01-22
69,Wolfsburg,GER,1,1657.58227539,2022-01-23,2022-01-23
75,Wolfsburg,GER,1,1651.9239502,2022-01-24,2022-01-29
74,Wolfsburg,GER,1,1651.9239502,2022-01-30,2022-02-06
69,Wolfsburg,GER,1,1658.2277832,2022-02-07,2022-02-12
61,Wolfsburg,GER,1,1673.91662598,2022-02-13,2022-02-13
62,Wolfsburg,GER,1,1673.91662598,2022-02-14,2022-02-15
63,Wolfsburg,GER,1,1673.91662598,2022-02-16,2022-02-16
63,Wolfsburg,GER,1,1673.9654541,2022-02-17,2022-02-17
65,Wolfsburg,GER,1,1667.54321289,2022-02-18,2022-02-19
71,Wolfsburg,GER,1,1659.16174316,2022-02-20,2022-02-20
70,Wolfsburg,GER,1,1659.16174316,2022-02-21,2022-02-24
70,Wolfsburg,GER,1,1661.36474609,2022-02-25,2022-02-26
67,Wolfsburg,GER,1,1663.07409668,2022-02-27,2022-02-27
68,Wolfsburg,GER,1,1663.07409668,2022-02-28,2022-02-28
69,Wolfsburg,GER,1,1663.07409668,2022-03-01,2022-03-01
68,Wolfsburg,GER,1,1663.07409668,2022-03-02,2022-03-05
62,Wolfsburg,GER,1,1670.36914062,2022-03-06,2022-03-06
63,Wolfsburg,GER,1,1670.36914062,2022-03-07,2022-03-08
63,Wolfsburg,GER,1,1672.27880859,2022-03-09,2022-03-09
62,Wolfsburg,GER,1,1674.92944336,2022-03-10,2022-03-10
63,Wolfsburg,GER,1,1673.84716797,2022-03-11,2022-03-12
65,Wolfsburg,GER,1,1668.22290039,2022-03-13,2022-03-13
66,Wolfsburg,GER,1,1668.22290039,2022-03-14,2022-03-15
64,Wolfsburg,GER,1,1668.22290039,2022-03-16,2022-03-16
65,Wolfsburg,GER,1,1668.22290039,2022-03-17,2022-03-17
66,Wolfsburg,GER,1,1665.68640137,2022-03-18,2022-03-18
67,Wolfsburg,GER,1,1665.68640137,2022-03-19,2022-03-20
73,Wolfsburg,GER,1,1656.07275391,2022-03-21,2022-04-01
72,Wolfsburg,GER,1,1656.07275391,2022-04-02,2022-04-02
73,Wolfsburg,GER,1,1656.07275391,2022-04-03,2022-04-03
77,Wolfsburg,GER,1,1641.74145508,2022-04-04,2022-04-06
77,Wolfsburg,GER,1,1640.3046875,2022-04-07,2022-04-07
77,Wolfsburg,GER,1,1639.4161377,2022-04-08,2022-04-09
76,Wolfsburg,GER,1,1650.79260254,2022-04-10,2022-04-12
77,Wolfsburg,GER,1,1646.37158203,2022-04-13,2022-04-14
72,Wolfsburg,GER,1,1657.23083496,2022-04-15,2022-04-16
74,Wolfsburg,GER,1,1649.53479004,2022-04-17,2022-04-22
66,Wolfsburg,GER,1,1665.74389648,2022-04-23,2022-04-24
65,Wolfsburg,GER,1,1665.74389648,2022-04-25,2022-04-26
64,Wolfsburg,GER,1,1665.74389648,2022-04-27,2022-04-28
63,Wolfsburg,GER,1,1669.1862793,2022-04-29,2022-04-29
64,Wolfsburg,GER,1,1669.1862793,2022-04-30,2022-04-30
65,Wolfsburg,GER,1,1668.53979492,2022-05-01,2022-05-05
65,Wolfsburg,GER,1,1665.89880371,2022-05-06,2022-05-07
65,Wolfsburg,GER,1,1675.79467773,2022-05-08,2022-05-08
64,Wolfsburg,GER,1,1675.79467773,2022-05-09,2022-05-11
65,Wolfsburg,GER,1,1675.79467773,2022-05-12,2022-05-14
60,Wolfsburg,GER,1,1681.94470215,2022-05-15,2022-05-15
59,Wolfsburg,GER,1,1681.94470215,2022-05-16,2022-05-18
59,Wolfsburg,GER,1,1681.73596191,2022-05-19,2022-05-22
57,Wolfsburg,GER,1,1681.73596191,2022-05-23,2022-07-30
58,Wolfsburg,GER,1,1681.73596191,2022-07-31,2022-08-06
60,Wolfsburg,GER,1,1678.18395996,2022-08-07,2022-08-14
60,Wolfsburg,GER,1,1675.8013916,2022-08-15,2022-08-18
60,Wolfsburg,GER,1,1673.22509766,2022-08-19,2022-08-20
63,Wolfsburg,GER,1,1669.30114746,2022-08-21,2022-08-24
64,Wolfsburg,GER,1,1669.30114746,2022-08-25,2022-08-25
63,Wolfsburg,GER,1,1672.43164062,2022-08-26,2022-08-27
65,Wolfsburg,GER,1,1666.64562988,2022-08-28,2022-08-28
67,Wolfsburg,GER,1,1666.64562988,2022-08-29,2022-08-31
66,Wolfsburg,GER,1,1666.64562988,2022-09-01,2022-09-03
75,Wolfsburg,GER,1,1654.61865234,2022-09-04,2022-09-04
72,Wolfsburg,GER,1,1654.61865234,2022-09-05,2022-09-06
76,Wolfsburg,GER,1,1647.84069824,2022-09-07,2022-09-07
82,Wolfsburg,GER,1,1642.25256348,2022-09-08,2022-09-08
85,Wolfsburg,GER,1,1638.24707031,2022-09-09,2022-09-10
79,Wolfsburg,GER,1,1649.1262207,2022-09-11,2022-09-11
76,Wolfsburg,GER,1,1649.1262207,2022-09-12,2022-09-12
75,Wolfsburg,GER,1,1649.1262207,2022-09-13,2022-09-13
70,Wolfsburg,GER,1,1660.50585938,2022-09-14,2022-09-14
71,Wolfsburg,GER,1,1658.78381348,2022-09-15,2022-09-15
71,Wolfsburg,GER,1,1660.0480957,2022-09-16,2022-09-18
72,Wolfsburg,GER,1,1652.79785156,2022-09-19,2022-10-01
70,Wolfsburg,GER,1,1658.66027832,2022-10-02,2022-10-04
69,Wolfsburg,GER,1,1657.65258789,2022-10-05,2022-10-05
68,Wolfsburg,GER,1,1664.72155762,2022-10-06,2022-10-06
68,Wolfsburg,GER,1,1662.68334961,2022-10-07,2022-10-08
69,Wolfsburg,GER,1,1662.91137695,2022-10-09,2022-10-09
68,Wolfsburg,GER,1,1662.91137695,2022-10-10,2022-10-11
68,Wolfsburg,GER,1,1664.52478027,2022-10-12,2022-10-12
70,Wolfsburg,GER,1,1659.7409668,2022-10-13,2022-10-13
71,Wolfsburg,GER,1,1659.46154785,2022-10-14,2022-10-15
71,Wolfsburg,GER,1,1659.7322998,2022-10-16,2022-10-16
70,Wolfsburg,GER,1,1659.7322998,2022-10-17,2022-10-19
69,Wolfsburg,GER,1,1659.7322998,2022-10-20,2022-10-20
70,Wolfsburg,GER,1,1659.7322998,2022-10-21,2022-10-21
69,Wolfsburg,GER,1,1659.7322998,2022-10-22,2022-10-22
68,Wolfsburg,GER,1,1662.77148438,2022-10-23,2022-10-25
66,Wolfsburg,GER,1,1668.30725098,2022-10-26,2022-10-26
64,Wolfsburg,GER,1,1675.92272949,2022-10-27,2022-10-27
63,Wolfsburg,GER,1,1676.25476074,2022-10-28,2022-10-29
57,Wolfsburg,GER,1,1685.68908691,2022-10-30,2022-10-30
56,Wolfsburg,GER,1,1685.68908691,2022-10-31,2022-11-01
57,Wolfsburg,GER,1,1689.05603027,2022-11-02,2022-11-02
56,Wolfsburg,GER,1,1691.39916992,2022-11-03,2022-11-03
58,Wolfsburg,GER,1,1690.80175781,2022-11-04,2022-11-05
51,Wolfsburg,GER,1,1707.7265625,2022-11-06,2022-11-08
46,Wolfsburg,GER,1,1721.28283691,2022-11-09,2022-11-09
45,Wolfsburg,GER,1,1721.28283691,2022-11-10,2022-11-10
46,Wolfsburg,GER,1,1721.28283691,2022-11-11,2022-11-11
47,Wolfsburg,GER,1,1721.28283691,2022-11-12,2022-11-12
41,Wolfsburg,GER,1,1729.85253906,2022-11-13,2023-01-01
42,Wolfsburg,GER,1,1729.85253906,2023-01-02,2023-01-02
43,Wolfsburg,GER,1,1729.85253906,2023-01-03,2023-01-04
42,Wolfsburg,GER,1,1729.85253906,2023-01-05,2023-01-11
41,Wolfsburg,GER,1,1729.85253906,2023-01-12,2023-01-15
42,Wolfsburg,GER,1,1729.85253906,2023-01-16,2023-01-21
33,Wolfsburg,GER,1,1749.4732666,2023-01-22,2023-01-22
34,Wolfsburg,GER,1,1749.4732666,2023-01-23,2023-01-24
30,Wolfsburg,GER,1,1762.95141602,2023-01-25,2023-01-28
34,Wolfsburg,GER,1,1752.98327637,2023-01-29,2023-01-29
32,Wolfsburg,GER,1,1752.98327637,2023-01-30,2023-02-03
31,Wolfsburg,GER,1,1752.98327637,2023-02-04,2023-02-04
30,Wolfsburg,GER,1,1752.98327637,2023-02-05,2023-02-05
33,Wolfsburg,GER,1,1747.8302002,2023-02-06,2023-02-07
34,Wolfsburg,GER,1,1747.8302002,2023-02-08,2023-02-10
36,Wolfsburg,GER,1,1744.23059082,2023-02-11,2023-02-11
39,Wolfsburg,GER,1,1744.23059082,2023-02-12,2023-02-12
38,Wolfsburg,GER,1,1744.23059082,2023-02-13,2023-02-14
38,Wolfsburg,GER,1,1745.39416504,2023-02-15,2023-02-15
38,Wolfsburg,GER,1,1746.77624512,2023-02-16,2023-02-16
37,Wolfsburg,GER,1,1744.96984863,2023-02-17,2023-02-18
42,Wolfsburg,GER,1,1732.79968262,2023-02-19,2023-02-21
44,Wolfsburg,GER,1,1730.87609863,2023-02-22,2023-02-22
44,Wolfsburg,GER,1,1730.80773926,2023-02-23,2023-02-23
41,Wolfsburg,GER,1,1737.42041016,2023-02-24,2023-02-24
40,Wolfsburg,GER,1,1737.42041016,2023-02-25,2023-02-25
37,Wolfsburg,GER,1,1749.09655762,2023-02-26,2023-02-26
35,Wolfsburg,GER,1,1749.09655762,2023-02-27,2023-03-03
36,Wolfsburg,GER,1,1749.09655762,2023-03-04,2023-03-04
35,Wolfsburg,GER,1,1749.09655762,2023-03-05,2023-03-05
36,Wolfsburg,GER,1,1748.2947998,2023-03-06,2023-03-07
38,Wolfsburg,GER,1,1743.57397461,2023-03-08,2023-03-08
37,Wolfsburg,GER,1,1745.10632324,2023-03-09,2023-03-09
38,Wolfsburg,GER,1,1743.60974121,2023-03-10,2023-03-11
37,Wolfsburg,GER,1,1743.60974121,2023-03-12,2023-03-12
37,Wolfsburg,GER,1,1742.89440918,2023-03-13,2023-03-14
40,Wolfsburg,GER,1,1739.84326172,2023-03-15,2023-03-15
39,Wolfsburg,GER,1,1738.67626953,2023-03-16,2023-03-16
44,Wolfsburg,GER,1,1727.10327148,2023-03-17,2023-03-18
41,Wolfsburg,GER,1,1733.60546875,2023-03-19,2023-03-19
40,Wolfsburg,GER,1,1733.60546875,2023-03-20,2023-03-31
39,Wolfsburg,GER,1,1733.60546875,2023-04-01,2023-04-01
42,Wolfsburg,GER,1,1728.57983398,2023-04-02,2023-04-07
44,Wolfsburg,GER,1,1728.57983398,2023-04-08,2023-04-08
43,Wolfsburg,GER,1,1728.57983398,2023-04-09,2023-04-09
48,Wolfsburg,GER,1,1717.90771484,2023-04-10,2023-04-11
49,Wolfsburg,GER,1,1714.96643066,2023-04-12,2023-04-13
50,Wolfsburg,GER,1,1714.0324707,2023-04-14,2023-04-15
52,Wolfsburg,GER,1,1714.0324707,2023-04-16,2023-04-16
51,Wolfsburg,GER,1,1713.93286133,2023-04-17,2023-04-19
51,Wolfsburg,GER,1,1713.15332031,2023-04-20,2023-04-20
48,Wolfsburg,GER,1,1717.47705078,2023-04-21,2023-04-22
44,Wolfsburg,GER,1,1730.59301758,2023-04-23,2023-04-23
45,Wolfsburg,GER,1,1730.59301758,2023-04-24,2023-04-27
44,Wolfsburg,GER,1,1730.59301758,2023-04-28,2023-04-29
43,Wolfsburg,GER,1,1730.59301758,2023-04-30,2023-04-30
40,Wolfsburg,GER,1,1741.73181152,2023-05-01,2023-05-06
41,Wolfsburg,GER,1,1741.73181152,2023-05-07,2023-05-07
43,Wolfsburg,GER,1,1731.45361328,2023-05-08,2023-05-11
42,Wolfsburg,GER,1,1730.19641113,2023-05-12,2023-05-13
41,Wolfsburg,GER,1,1734.17333984,2023-05-14,2023-05-17
42,Wolfsburg,GER,1,1734.17333984,2023-05-18,2023-05-18
43,Wolfsburg,GER,1,1732.2388916,2023-05-19,2023-05-19
45,Wolfsburg,GER,1,1723.41943359,2023-05-20,2023-05-20
44,Wolfsburg,GER,1,1723.41943359,2023-05-21,2023-05-21
45,Wolfsburg,GER,1,1723.41943359,2023-05-22,2023-05-27
49,Wolfsburg,GER,1,1710.00549316,2023-05-28,2023-06-03
48,Wolfsburg,GER,1,1710.00549316,2023-06-04,2023-08-13
49,Wolfsburg,GER,1,1710.00549316,2023-08-14,2023-08-15
48,Wolfsburg,GER,1,1710.00549316,2023-08-16,2023-08-19
47,Wolfsburg,GER,1,1714.65283203,2023-08-20,2023-08-24
47,Wolfsburg,GER,1,1714.58251953,2023-08-25,2023-08-26
45,Wolfsburg,GER,1,1723.01171875,2023-08-27,2023-08-31
45,Wolfsburg,GER,1,1723.69445801,2023-09-01,2023-09-02
47,Wolfsburg,GER,1,1711.8873291,2023-09-03,2023-09-03
46,Wolfsburg,GER,1,1711.8873291,2023-09-04,2023-09-16
44,Wolfsburg,GER,1,1719.00231934,2023-09-17,2023-09-19
44,Wolfsburg,GER,1,1717.87512207,2023-09-20,2023-09-20
44,Wolfsburg,GER,1,1718.39038086,2023-09-21,2023-09-21
43,Wolfsburg,GER,1,1721.73291016,2023-09-22,2023-09-22
44,Wolfsburg,GER,1,1721.73291016,2023-09-23,2023-09-23
45,Wolfsburg,GER,1,1718.08862305,2023-09-24,2023-09-27
44,Wolfsburg,GER,1,1718.08862305,2023-09-28,2023-09-30
40,Wolfsburg,GER,1,1726.87133789,2023-10-01,2023-10-01
41,Wolfsburg,GER,1,1726.87133789,2023-10-02,2023-10-02
40,Wolfsburg,GER,1,1726.87133789,2023-10-03,2023-10-03
42,Wolfsburg,GER,1,1724.0020752,2023-10-04,2023-10-04
45,Wolfsburg,GER,1,1721.14074707,2023-10-05,2023-10-05
46,Wolfsburg,GER,1,1716.35205078,2023-10-06,2023-10-07
50,Wolfsburg,GER,1,1706.31079102,2023-10-08,2023-10-08
49,Wolfsburg,GER,1,1706.31079102,2023-10-09,2023-10-21
53,Wolfsburg,GER,1,1698.88928223,2023-10-22,2023-10-24
51,Wolfsburg,GER,1,1699.42578125,2023-10-25,2023-10-25
51,Wolfsburg,GER,1,1703.97399902,2023-10-26,2023-10-26
53,Wolfsburg,GER,1,1706.80371094,2023-10-27,2023-10-28
56,Wolfsburg,GER,1,1697.66381836,2023-10-29,2023-11-04
57,Wolfsburg,GER,1,1697.66381836,2023-11-05,2023-11-05
57,Wolfsburg,GER,1,1693.27478027,2023-11-06,2023-11-07
54,Wolfsburg,GER,1,1697.78161621,2023-11-08,2023-11-08
52,Wolfsburg,GER,1,1700.71777344,2023-11-09,2023-11-09
53,Wolfsburg,GER,1,1703.02160645,2023-11-10,2023-11-10
59,Wolfsburg,GER,1,1689.18005371,2023-11-11,2023-11-11
58,Wolfsburg,GER,1,1689.18005371,2023-11-12,2023-11-25
53,Wolfsburg,GER,1,1699.65722656,2023-11-26,2023-11-28
51,Wolfsburg,GER,1,1703.41772461,2023-11-29,2023-11-29
52,Wolfsburg,GER,1,1701.4354248,2023-11-30,2023-11-30
54,Wolfsburg,GER,1,1700.03173828,2023-12-01,2023-12-02
56,Wolfsburg,GER,1,1687.98522949,2023-12-03,2023-12-04
57,Wolfsburg,GER,1,1687.98522949,2023-12-05,2023-12-09
61,Wolfsburg,GER,1,1679.36071777,2023-12-10,2023-12-12
60,Wolfsburg,GER,1,1680.2869873,2023-12-13,2023-12-13
61,Wolfsburg,GER,1,1680.32348633,2023-12-14,2023-12-14
65,Wolfsburg,GER,1,1671.61206055,2023-12-15,2023-12-15
64,Wolfsburg,GER,1,1671.61206055,2023-12-16,2023-12-16
61,Wolfsburg,GER,1,1677.76477051,2023-12-17,2023-12-17
62,Wolfsburg,GER,1,1677.76477051,2023-12-18,2023-12-19
63,Wolfsburg,GER,1,1677.76477051,2023-12-20,2023-12-20
63,Wolfsburg,GER,1,1674.62915039,2023-12-21,2023-12-31
63,Wolfsburg,GER,1,1674.62915039,2024-01-01,2024-01-07
64,Wolfsburg,GER,1,1674.62915039,2024-01-08,2024-01-12
63,Wolfsburg,GER,1,1674.62915039,2024-01-13,2024-01-13
63,Wolfsburg,GER,1,1675.51782227,2024-01-14,2024-01-14
64,Wolfsburg,GER,1,1675.51782227,2024-01-15,2024-01-20
64,Wolfsburg,GER,1,1675.19592285,2024-01-21,2024-01-21
62,Wolfsburg,GER,1,1675.19592285,2024-01-22,2024-01-27
62,Wolfsburg,GER,1,1671.4362793,2024-01-28,2024-01-28
63,Wolfsburg,GER,1,1671.4362793,2024-01-29,2024-01-29
64,Wolfsburg,GER,1,1671.4362793,2024-01-30,2024-02-04
64,Wolfsburg,GER,1,1669.02636719,2024-02-05,2024-02-05
65,Wolfsburg,GER,1,1669.02636719,2024-02-06,2024-02-10
69,Wolfsburg,GER,1,1662.27087402,2024-02-11,2024-02-11
68,Wolfsburg,GER,1,1662.27087402,2024-02-12,2024-02-13
70,Wolfsburg,GER,1,1661.22595215,2024-02-14,2024-02-14
70,Wolfsburg,GER,1,1659.84399414,2024-02-15,2024-02-15
69,Wolfsburg,GER,1,1661.59838867,2024-02-16,2024-02-17
69,Wolfsburg,GER,1,1665.02355957,2024-02-18,2024-02-18
70,Wolfsburg,GER,1,1665.02355957,2024-02-19,2024-02-20
70,Wolfsburg,GER,1,1665.71411133,2024-02-21,2024-02-22
71,Wolfsburg,GER,1,1665.08666992,2024-02-23,2024-02-24
72,Wolfsburg,GER,1,1665.08666992,2024-02-25,2024-02-25
69,Wolfsburg,GER,1,1667.87512207,2024-02-26,2024-02-28
70,Wolfsburg,GER,1,1667.87512207,2024-02-29,2024-03-02
73,Wolfsburg,GER,1,1659.8190918,2024-03-03,2024-03-04
74,Wolfsburg,GER,1,1659.8190918,2024-03-05,2024-03-05
71,Wolfsburg,GER,1,1663.10839844,2024-03-06,2024-03-06
71,Wolfsburg,GER,1,1662.76989746,2024-03-07,2024-03-07
69,Wolfsburg,GER,1,1663.97094727,2024-03-08,2024-03-09
71,Wolfsburg,GER,1,1663.97094727,2024-03-10,2024-03-10
70,Wolfsburg,GER,1,1660.98950195,2024-03-11,2024-03-13
70,Wolfsburg,GER,1,1664.08630371,2024-03-14,2024-03-14
73,Wolfsburg,GER,1,1658.56848145,2024-03-15,2024-03-16
79,Wolfsburg,GER,1,1644.49060059,2024-03-17,2024-03-17
81,Wolfsburg,GER,1,1644.49060059,2024-03-18,2024-03-30
75,Wolfsburg,GER,1,1657.68322754,2024-03-31,2024-03-31
74,Wolfsburg,GER,1,1657.68322754,2024-04-01,2024-04-01
73,Wolfsburg,GER,1,1657.68322754,2024-04-02,2024-04-07
79,Wolfsburg,GER,1,1644.2878418,2024-04-08,2024-04-09
78,Wolfsburg,GER,1,1645.3651123,2024-04-10,2024-04-10
80,Wolfsburg,GER,1,1644.2520752,2024-04-11,2024-04-11
77,Wolfsburg,GER,1,1645.8515625,2024-04-12,2024-04-13
82,Wolfsburg,GER,1,1641.17333984,2024-04-14,2024-04-14
81,Wolfsburg,GER,1,1641.17333984,2024-04-15,2024-04-16
79,Wolfsburg,GER,1,1645.20507812,2024-04-17,2024-04-17
79,Wolfsburg,GER,1,1648.00524902,2024-04-18,2024-04-18
78,Wolfsburg,GER,1,1648.62597656,2024-04-19,2024-04-20
75,Wolfsburg,GER,1,1653.90698242,2024-04-21,2024-04-22
76,Wolfsburg,GER,1,1653.90698242,2024-04-23,2024-04-26
73,Wolfsburg,GER,1,1653.90698242,2024-04-27,2024-04-27
67,Wolfsburg,GER,1,1664.69152832,2024-04-28,2024-04-29
68,Wolfsburg,GER,1,1664.69152832,2024-04-30,2024-04-30
68,Wolfsburg,GER,1,1664.02148438,2024-05-01,2024-05-01
68,Wolfsburg,GER,1,1665.0637207,2024-05-02,2024-05-02
68,Wolfsburg,GER,1,1667.62670898,2024-05-03,2024-05-03
67,Wolfsburg,GER,1,1667.62670898,2024-05-04,2024-05-04
64,Wolfsburg,GER,1,1673.77478027,2024-05-05,2024-05-05
65,Wolfsburg,GER,1,1673.77478027,2024-05-06,2024-05-07
63,Wolfsburg,GER,1,1677.69543457,2024-05-08,2024-05-08
65,Wolfsburg,GER,1,1675.81506348,2024-05-09,2024-05-09
66,Wolfsburg,GER,1,1676.11157227,2024-05-10,2024-05-12
68,Wolfsburg,GER,1,1673.30029297,2024-05-13,2024-05-16
67,Wolfsburg,GER,1,1673.30029297,2024-05-17,2024-05-18
69,Wolfsburg,GER,1,1660.33129883,2024-05-19,2024-05-19
68,Wolfsburg,GER,1,1660.33129883,2024-05-20,2024-05-22
71,Wolfsburg,GER,1,1654.6907959,2024-05-23,2024-06-01
73,Wolfsburg,GER,1,1652.27380371,2024-06-02,2024-07-27
74,Wolfsburg,GER,1,1652.27380371,2024-07-28,2024-07-31
73,Wolfsburg,GER,1,1652.27380371,2024-08-01,2024-08-01
74,Wolfsburg,GER,1,1652.27380371,2024-08-02,2024-08-04
75,Wolfsburg,GER,1,1652.27380371,2024-08-05,2024-08-07
74,Wolfsburg,GER,1,1652.27380371,2024-08-08,2024-08-18
75,Wolfsburg,GER,1,1652.27380371,2024-08-19,2024-08-22
75,Wolfsburg,GER,1,1652.93591309,2024-08-23,2024-08-23
74,Wolfsburg,GER,1,1652.93591309,2024-08-24,2024-08-24
76,Wolfsburg,GER,1,1652.93591309,2024-08-25,2024-08-25
82,Wolfsburg,GER,1,1649.28942871,2024-08-26,2024-08-26
81,Wolfsburg,GER,1,1649.28942871,2024-08-27,2024-08-29
78,Wolfsburg,GER,1,1649.69494629,2024-08-30,2024-08-31
74,Wolfsburg,GER,1,1660.1932373,2024-09-01,2024-09-01
73,Wolfsburg,GER,1,1660.1932373,2024-09-02,2024-09-14
83,Wolfsburg,GER,1,1651.70605469,2024-09-15,2024-09-15
81,Wolfsburg,GER,1,1651.70605469,2024-09-16,2024-09-16
80,Wolfsburg,GER,1,1651.70605469,2024-09-17,2024-09-17
81,Wolfsburg,GER,1,1651.47973633,2024-09-18,2024-09-18
78,Wolfsburg,GER,1,1654.97558594,2024-09-19,2024-09-19
77,Wolfsburg,GER,1,1656.43237305,2024-09-20,2024-09-20
79,Wolfsburg,GER,1,1656.43237305,2024-09-21,2024-09-21
77,Wolfsburg,GER,1,1656.43237305,2024-09-22,2024-09-22
77,Wolfsburg,GER,1,1654.75354004,2024-09-23,2024-09-23
78,Wolfsburg,GER,1,1654.75354004,2024-09-24,2024-09-24
77,Wolfsburg,GER,1,1654.75354004,2024-09-25,2024-09-25
77,Wolfsburg,GER,1,1655.0213623,2024-09-26,2024-09-26
80,Wolfsburg,GER,1,1653.35058594,2024-09-27,2024-09-28
75,Wolfsburg,GER,1,1656.46362305,2024-09-29,2024-09-29
76,Wolfsburg,GER,1,1656.46362305,2024-09-30,2024-10-01
75,Wolfsburg,GER,1,1657.83569336,2024-10-02,2024-10-02
78,Wolfsburg,GER,1,1651.28930664,2024-10-03,2024-10-03
73,Wolfsburg,GER,1,1655.796875,2024-10-04,2024-10-05
68,Wolfsburg,GER,1,1665.8684082,2024-10-06,2024-10-19
67,Wolfsburg,GER,1,1665.8684082,2024-10-20,2024-10-20
77,Wolfsburg,GER,1,1653.09863281,2024-10-21,2024-10-22
76,Wolfsburg,GER,1,1654.92468262,2024-10-23,2024-10-23
80,Wolfsburg,GER,1,1647.4831543,2024-10-24,2024-10-24
79,Wolfsburg,GER,1,1647.66186523,2024-10-25,2024-10-26
80,Wolfsburg,GER,1,1647.21679688,2024-10-27,2024-11-02
80,Wolfsburg,GER,1,1645.18334961,2024-11-03,2024-11-03
81,Wolfsburg,GER,1,1645.18334961,2024-11-04,2024-11-05
83,Wolfsburg,GER,1,1637.95214844,2024-11-06,2024-11-06
83,Wolfsburg,GER,1,1635.43029785,2024-11-07,2024-11-07
82,Wolfsburg,GER,1,1639.45227051,2024-11-08,2024-11-10
76,Wolfsburg,GER,1,1653.0690918,2024-11-11,2024-11-23
71,Wolfsburg,GER,1,1660.19360352,2024-11-24,2024-11-26
69,Wolfsburg,GER,1,1661.87023926,2024-11-27,2024-11-27
73,Wolfsburg,GER,1,1656.63757324,2024-11-28,2024-11-28
74,Wolfsburg,GER,1,1653.04504395,2024-11-29,2024-11-30
62,Wolfsburg,GER,1,1678.3416748,2024-12-01,2024-12-01
61,Wolfsburg,GER,1,1678.3416748,2024-12-02,2024-12-04
60,Wolfsburg,GER,1,1678.3416748,2024-12-05,2024-12-08
58,Wolfsburg,GER,1,1685.78344727,2024-12-09,2024-12-10
58,Wolfsburg,GER,1,1686.8269043,2024-12-11,2024-12-11
57,Wolfsburg,GER,1,1685.26196289,2024-12-12,2024-12-12
58,Wolfsburg,GER,1,1677.21557617,2024-12-13,2024-12-13
65,Wolfsburg,GER,1,1670.3260498,2024-12-14,2024-12-14
64,Wolfsburg,GER,1,1670.3260498,2024-12-15,2024-12-19
64,Wolfsburg,GER,1,1668.52026367,2024-12-20,2024-12-21
65,Wolfsburg,GER,1,1668.52026367,2024-12-22,2024-12-22
73,Wolfsburg,GER,1,1660.85766602,2024-12-23,2024-12-26
74,Wolfsburg,GER,1,1660.85766602,2024-12-27,2024-12-27
73,Wolfsburg,GER,1,1660.85766602,2024-12-28,2024-12-28
72,Wolfsburg,GER,1,1660.85766602,2024-12-29,2024-12-29
71,Wolfsburg,GER,1,1660.85766602,2024-12-30,2024-12-31
71,Wolfsburg,GER,1,1660.85766602,2025-01-01,2025-01-03
70,Wolfsburg,GER,1,1660.85766602,2025-01-04,2025-01-11
68,Wolfsburg,GER,1,1668.6685791,2025-01-12,2025-01-12
67,Wolfsburg,GER,1,1668.6685791,2025-01-13,2025-01-14
59,Wolfsburg,GER,1,1681.71313477,2025-01-15,2025-01-17
58,Wolfsburg,GER,1,1681.71313477,2025-01-18,2025-01-18
60,Wolfsburg,GER,1,1679.45654297,2025-01-19,2025-01-19
63,Wolfsburg,GER,1,1679.45654297,2025-01-20,2025-01-20
62,Wolfsburg,GER,1,1679.45654297,2025-01-21,2025-01-21
62,Wolfsburg,GER,1,1676.34777832,2025-01-22,2025-01-22
62,Wolfsburg,GER,1,1673.18945312,2025-01-23,2025-01-23
61,Wolfsburg,GER,1,1672.17224121,2025-01-24,2025-01-24
64,Wolfsburg,GER,1,1666.91918945,2025-01-25,2025-01-26
62,Wolfsburg,GER,1,1666.91918945,2025-01-27,2025-01-29
63,Wolfsburg,GER,1,1662.18286133,2025-01-30,2025-01-30
65,Wolfsburg,GER,1,1663.62353516,2025-01-31,2025-02-01
66,Wolfsburg,GER,1,1663.62353516,2025-02-02,2025-02-02
65,Wolfsburg,GER,1,1666.72851562,2025-02-03,2025-02-08
65,Wolfsburg,GER,1,1671.6595459,2025-02-09,2025-02-09
64,Wolfsburg,GER,1,1671.6595459,2025-02-10,2025-02-11
62,Wolfsburg,GER,1,1677.43383789,2025-02-12,2025-02-12
61,Wolfsburg,GER,1,1678.15576172,2025-02-13,2025-02-13
60,Wolfsburg,GER,1,1680.94384766,2025-02-14,2025-02-15
54,Wolfsburg,GER,1,1691.63256836,2025-02-16,2025-02-18
54,Wolfsburg,GER,1,1691.72229004,2025-02-19,2025-02-19
55,Wolfsburg,GER,1,1692.37097168,2025-02-20,2025-02-20
57,Wolfsburg,GER,1,1687.01623535,2025-02-21,2025-02-22
60,Wolfsburg,GER,1,1681.99267578,2025-02-23,2025-02-24
59,Wolfsburg,GER,1,1681.99267578,2025-02-25,2025-02-25
58,Wolfsburg,GER,1,1681.99267578,2025-02-26,2025-03-01
57,Wolfsburg,GER,1,1689.6784668,2025-03-02,2025-03-04
58,Wolfsburg,GER,1,1688.95910645,2025-03-05,2025-03-06
56,Wolfsburg,GER,1,1691.38085938,2025-03-07,2025-03-08
56,Wolfsburg,GER,1,1686.74865723,2025-03-09,2025-03-12
54,Wolfsburg,GER,1,1690.88098145,2025-03-13,2025-03-13
54,Wolfsburg,GER,1,1694.67553711,2025-03-14,2025-03-15
60,Wolfsburg,GER,1,1686.61938477,2025-03-16,2025-03-28
61,Wolfsburg,GER,1,1686.61938477,2025-03-29,2025-03-29
68,Wolfsburg,GER,1,1674.11328125,2025-03-30,2025-04-04
66,Wolfsburg,GER,1,1674.11328125,2025-04-05,2025-04-05
67,Wolfsburg,GER,1,1674.11328125,2025-04-06,2025-04-06
73,Wolfsburg,GER,1,1665.52966309,2025-04-07,2025-04-08
73,Wolfsburg,GER,1,1663.34460449,2025-04-09,2025-04-09
73,Wolfsburg,GER,1,1661.59277344,2025-04-10,2025-04-10
73,Wolfsburg,GER,1,1662.70617676,2025-04-11,2025-04-11
79,Wolfsburg,GER,1,1655.61315918,2025-04-12,2025-04-12
81,Wolfsburg,GER,1,1655.61315918,2025-04-13,2025-04-15
81,Wolfsburg,GER,1,1655.77648926,2025-04-16,2025-04-16
81,Wolfsburg,GER,1,1655.44604492,2025-04-17,2025-04-17
81,Wolfsburg,GER,1,1651.9987793,2025-04-18,2025-04-19
81,Wolfsburg,GER,1,1654.46777344,2025-04-20,2025-04-20
80,Wolfsburg,GER,1,1654.46777344,2025-04-21,2025-04-26
82,Wolfsburg,GER,1,1646.01306152,2025-04-27,2025-05-01
81,Wolfsburg,GER,1,1646.01306152,2025-05-02,2025-05-03
88,Wolfsburg,GER,1,1638.71484375,2025-05-04,2025-05-06
87,Wolfsburg,GER,1,1638.71484375,2025-05-07,2025-05-08
86,Wolfsburg,GER,1,1638.71484375,2025-05-09,2025-05-09
86,Wolfsburg,GER,1,1636.86755371,2025-05-10,2025-05-10
85,Wolfsburg,GER,1,1636.86755371,2025-05-11,2025-05-11
83,Wolfsburg,GER,1,1636.86755371,2025-05-12,2025-05-14
84,Wolfsburg,GER,1,1636.86755371,2025-05-15,2025-05-17
81,Wolfsburg,GER,1,1645.72924805,2025-05-18,2025-05-18
80,Wolfsburg,GER,1,1645.72924805,2025-05-19,2025-05-25
79,Wolfsburg,GER,1,1645.72924805,2025-05-26,2025-05-28
78,Wolfsburg,GER,1,1645.72924805,2025-05-29,2025-08-09
77,Wolfsburg,GER,1,1645.72924805,2025-08-10,2025-08-14
78,Wolfsburg,GER,1,1645.72924805,2025-08-15,2025-08-16
79,Wolfsburg,GER,1,1645.72924805,2025-08-17,2025-08-17
80,Wolfsburg,GER,1,1645.72924805,2025-08-18,2025-08-21
81,Wolfsburg,GER,1,1644.46105957,2025-08-22,2025-08-23
76,Wolfsburg,GER,1,1654.03747559,2025-08-24,2025-08-27
78,Wolfsburg,GER,1,1654.03747559,2025-08-28,2025-08-28
75,Wolfsburg,GER,1,1656.56835938,2025-08-29,2025-08-31
75,Wolfsburg,GER,1,1656.85327148,2025-09-01,2025-09-12
76,Wolfsburg,GER,1,1656.85327148,2025-09-13,2025-09-13
78,Wolfsburg,GER,1,1653.8190918,2025-09-14,2025-09-16
77,Wolfsburg,GER,1,1654.66235352,2025-09-17,2025-09-17
73,Wolfsburg,GER,1,1657.16210938,2025-09-18,2025-09-18
73,Wolfsburg,GER,1,1659.31848145,2025-09-19,2025-09-20
72,Wolfsburg,GER,1,1659.31848145,2025-09-21,2025-09-21
74,Wolfsburg,GER,1,1655.99450684,2025-09-22,2025-09-24
71,Wolfsburg,GER,1,1656.82531738,2025-09-25,2025-09-25
68,Wolfsburg,GER,1,1658.34277344,2025-09-26,2025-09-27
76,Wolfsburg,GER,1,1651.69921875,2025-09-28,2025-09-28
74,Wolfsburg,GER,1,1651.69921875,2025-09-29,2025-09-30
77,Wolfsburg,GER,1,1650.20019531,2025-10-01,2025-10-01
74,Wolfsburg,GER,1,1650.8963623,2025-10-02,2025-10-02
78,Wolfsburg,GER,1,1648.51013184,2025-10-03,2025-10-04
82,Wolfsburg,GER,1,1636.47875977,2025-10-05,2025-10-05
81,Wolfsburg,GER,1,1636.47875977,2025-10-06,2025-10-17
80,Wolfsburg,GER,1,1636.47875977,2025-10-18,2025-10-18
85,Wolfsburg,GER,1,1624.94592285,2025-10-19,2025-10-19
86,Wolfsburg,GER,1,1624.94592285,2025-10-20,2025-10-21
87,Wolfsburg,GER,1,1622.41662598,2025-10-22,2025-10-22
89,Wolfsburg,GER,1,1620.91430664,2025-10-23,2025-10-23
88,Wolfsburg,GER,1,1620.29150391,2025-10-24,2025-10-24
87,Wolfsburg,GER,1,1620.29150391,2025-10-25,2025-10-25
84,Wolfsburg,GER,1,1627.58300781,2025-10-26,2025-10-26
85,Wolfsburg,GER,1,1627.58300781,2025-10-27,2025-11-01
84,Wolfsburg,GER,1,1627.58300781,2025-11-02,2025-11-02
89,Wolfsburg,GER,1,1619.17541504,2025-11-03,2025-11-04
88,Wolfsburg,GER,1,1624.0546875,2025-11-05,2025-11-05
86,Wolfsburg,GER,1,1625.26953125,2025-11-06,2025-11-06
84,Wolfsburg,GER,1,1634.35119629,2025-11-07,2025-11-07
87,Wolfsburg,GER,1,1628.60571289,2025-11-08,2025-11-08
88,Wolfsburg,GER,1,1628.60571289,2025-11-09,2025-11-22
89,Wolfsburg,GER,1,1623.46606445,2025-11-23,2025-11-24
88,Wolfsburg,GER,1,1623.46606445,2025-11-25,2025-11-25
85,Wolfsburg,GER,1,1632.13171387,2025-11-26,2025-11-26
89,Wolfsburg,GER,1,1624.31677246,2025-11-27,2025-11-27
89,Wolfsburg,GER,1,1622.45544434,2025-11-28,2025-11-28
88,Wolfsburg,GER,1,1622.45544434,2025-11-29,2025-11-29
90,Wolfsburg,GER,1,1622.45544434,2025-11-30,2025-11-30
85,Wolfsburg,GER,1,1626.80615234,2025-12-01,2025-12-06
80,Wolfsburg,GER,1,1637.37219238,2025-12-07,2025-12-07
81,Wolfsburg,GER,1,1637.37219238,2025-12-08,2025-12-09
81,Wolfsburg,GER,1,1637.79589844,2025-12-10,2025-12-10
81,Wolfsburg,GER,1,1634.97888184,2025-12-11,2025-12-11
82,Wolfsburg,GER,1,1635.84436035,2025-12-12,2025-12-12
83,Wolfsburg,GER,1,1635.84436035,2025-12-13,2025-12-13
72,Wolfsburg,GER,1,1649.17224121,2025-12-14,2025-12-14
73,Wolfsburg,GER,1,1649.17224121,2025-12-15,2025-12-15
74,Wolfsburg,GER,1,1649.17224121,2025-12-16,2025-12-18
72,Wolfsburg,GER,1,1650.19726562,2025-12-19,2025-12-20
77,Wolfsburg,GER,1,1642.90844727,2025-12-21,2025-12-30
78,Wolfsburg,GER,1,1642.90844727,2025-12-31,2025-12-31
78,Wolfsburg,GER,1,1642.90844727,2026-01-01,2026-01-03
77,Wolfsburg,GER,1,1642.90844727,2026-01-04,2026-01-09
78,Wolfsburg,GER,1,1642.90844727,2026-01-10,2026-01-11
79,Wolfsburg,GER,1,1639.75415039,2026-01-12,2026-01-14
77,Wolfsburg,GER,1,1645.08276367,2026-01-15,2026-01-17
78,Wolfsburg,GER,1,1641.2734375,2026-01-18,2026-01-18
79,Wolfsburg,GER,1,1641.2734375,2026-01-19,2026-01-20
81,Wolfsburg,GER,1,1633.71484375,2026-01-21,2026-01-21
83,Wolfsburg,GER,1,1631.17211914,2026-01-22,2026-01-22
83,Wolfsburg,GER,1,1629.63232422,2026-01-23,2026-01-24
88,Wolfsburg,GER,1,1620.19677734,2026-01-25,2026-01-28
87,Wolfsburg,GER,1,1617.19958496,2026-01-29,2026-01-29
87,Wolfsburg,GER,1,1615.72314453,2026-01-30,2026-01-30
94,Wolfsburg,GER,1,1607.65722656,2026-01-31,2026-02-02
93,Wolfsburg,GER,1,1607.65722656,2026-02-03,2026-02-07
95,Wolfsburg,GER,1,1604.05615234,2026-02-08,2026-02-13
96,Wolfsburg,GER,1,1604.05615234,2026-02-14,2026-02-15
93,Wolfsburg,GER,1,1608.92102051,2026-02-16,2026-02-17
92,Wolfsburg,GER,1,1610.90100098,2026-02-18,2026-02-18
92,Wolfsburg,GER,1,1612.98510742,2026-02-19,2026-02-19
93,Wolfsburg,GER,1,1614.53527832,2026-02-20,2026-02-21
95,Wolfsburg,GER,1,1605.39819336,2026-02-22,2026-02-22
96,Wolfsburg,GER,1,1605.39819336,2026-02-23,2026-02-23
94,Wolfsburg,GER,1,1605.39819336,2026-02-24,2026-02-24
94,Wolfsburg,GER,1,1605.7779541,2026-02-25,2026-02-25
100,Wolfsburg,GER,1,1599.92773438,2026-02-26,2026-02-26
99,Wolfsburg,GER,1,1599.77661133,2026-02-27,2026-02-27
98,Wolfsburg,GER,1,1599.77661133,2026-02-28,2026-03-01
None,Wolfsburg,GER,1,1593.13012695,2026-03-02,2026-03-07
None,Wolfsburg,GER,1,1583.79492188,2026-03-08,2026-03-10
None,Wolfsburg,GER,1,1585.5234375,2026-03-11,2026-03-11
None,Wolfsburg,GER,1,1585.48449707,2026-03-12,2026-03-12
None,Wolfsburg,GER,1,1582.22497559,2026-03-13,2026-03-14
None,Wolfsburg,GER,1,1587.12683105,2026-03-15,2026-03-17
None,Wolfsburg,GER,1,1586.17956543,2026-03-18,2026-03-18
None,Wolfsburg,GER,1,1587.08752441,2026-03-19,2026-03-19
None,Wolfsburg,GER,1,1590.671875,2026-03-20,2026-03-21
None,Wolfsburg,GER,1,1582.13391113,2026-03-22,2026-04-04
None,Wolfsburg,GER,1,1578.01416016,2026-04-05,2026-04-07
None,Wolfsburg,GER,1,1579.92260742,2026-04-08,2026-04-09
None,Wolfsburg,GER,1,1586.81262207,2026-04-10,2026-04-11
None,Wolfsburg,GER,1,1580.28723145,2026-04-12,2026-04-15
None,Wolfsburg,GER,1,1581.29187012,2026-04-16,2026-04-16
None,Wolfsburg,GER,1,1577.62976074,2026-04-17,2026-04-18
None,Wolfsburg,GER,1,1587.45776367,2026-04-19,2026-04-25
None,Wolfsburg,GER,1,1587.02685547,2026-04-26,2026-04-28
None,Wolfsburg,GER,1,1586.1895752,2026-04-29,2026-04-30
None,Wolfsburg,GER,1,1585.1940918,2026-05-01,2026-05-03
None,Wolfsburg,GER,1,1590.02258301,2026-05-04,2026-05-06
None,Wolfsburg,GER,1,1587.20568848,2026-05-07,2026-05-07
None,Wolfsburg,GER,1,1591.20458984,2026-05-08,2026-05-09
None,Wolfsburg,GER,1,1589.85314941,2026-05-10,2026-05-16
None,Wolfsburg,GER,1,1601.71386719,2026-05-17,2026-05-20
None,Wolfsburg,GER,1,1599.56982422,2026-05-21,2026-07-03